chart_rank,artist_names,track_name,source_of,peak_rank,previous_rank,days_on_chart,streams
1,"Lady Gaga, Bruno Mars",Die With A Smile,Interscope Records,1,1,236,6045246
2,Billie Eilish,BIRDS OF A FEATHER,Darkroom/Interscope Records,1,2,327,5406833
3,Alex Warren,Ordinary,Atlantic Records,2,3,61,4963110
4,"ROSÉ, Bruno Mars",APT.,Atlantic Records,1,4,173,4510266
5,"Kendrick Lamar, SZA",luther (with sza),"pgLang, under exclusive license to Interscope Records",2,6,138,4154103
6,Gracie Abrams,That’s So True,"Gracie Abrams, under exclusive license to Interscope Records",3,5,173,3973720
7,Gigi Perez,Sailor Song,Gigi Perez PS/ Island,6,9,234,3884547
8,Bad Bunny,DtMF,Rimas Entertainment LLC.,1,8,94,3769765
9,Doechii,Anxiety,Top Dawg Entertainment/Capitol Records,2,7,35,3614248
10,"W Sound, Beéle, Ovy On The Drums",La Plena - W Sound 05,WEA Latina,9,10,42,3468476
11,Billie Eilish,WILDFLOWER,Darkroom/Interscope Records,8,12,327,3456969
12,Lola Young,Messy,Universal-Island Records Ltd.,8,14,127,3369831
13,JENNIE,like JENNIE,OA Entertainment/Columbia,7,11,33,3354070
14,"Alemán, Neton Vega",Te Quería Ver,HOMEGROWN MAFIA S.A. DE C.V./Sony Music México-Latin,13,13,63,3288166
15,Bad Bunny,BAILE INoLVIDABLE,Rimas Entertainment LLC.,3,19,94,3194698
16,Sabrina Carpenter,Espresso,Island Records,1,21,362,3181367
17,Tate McRae,Sports car,RCA Records Label,14,20,75,3167604
18,"The Weeknd, Playboi Carti",Timeless (feat Playboi Carti),XO / Republic Records,2,16,194,3167216
19,Drake,NOKIA,OVO Sound,15,15,54,3127229
20,Jimin,Who,BIGHIT MUSIC,1,18,264,3004480
21,Benson Boone,Beautiful Things,"Night Street Records, Inc./Warner Records Inc.",1,17,446,2936018
22,Kendrick Lamar,Not Like Us,"Kendrick Lamar, under exclusive license to Interscope Records",1,23,338,2849937
23,Ariana Grande,twilight zone,Ariana Grande LP6,3,25,12,2849630
24,"Kendrick Lamar, SZA",All The Stars (with SZA),Black Panther (TDE/DMG) PS,2,24,670,2838121
25,"WizTheMc, bees & honey",Show Me Love,Bamboo Artists,22,22,35,2788731
26,"The Weeknd, JENNIE, Lily-Rose Depp","One Of The Girls (with JENNIE, Lily Rose Depp)",XO / Republic Records,2,27,549,2656254
27,Bad Bunny,EoO,Rimas Entertainment LLC.,9,28,94,2620775
28,Lady Gaga,Abracadabra,Interscope Records,2,31,65,2524885
29,Lil Tecca,Dark Thoughts,Galactic / Republic Records,18,33,26,2488081
30,Teddy Swims,Lose Control,Warner Records,5,29,510,2472084
31,Chappell Roan,"Good Luck, Babe!",Chappell Roan PS/ Island,5,26,365,2471936
32,The Goo Goo Dolls,Iris,Warner Records,29,32,572,2439496
33,"Neton Vega, Peso Pluma",Morena,Josa Records,25,30,53,2434706
34,NIKI,You'll Be in My Heart - Spotify Singles,88rising Music,34,34,17,2407564
35,Chappell Roan,Pink Pony Club,Chappell Roan PS/ Island,18,36,235,2390577
36,sombr,back to friends,Warner Records,36,37,22,2390280
37,The Marías,No One Noticed,Nice Life/Atlantic,37,44,151,2383104
38,Lord Huron,The Night We Met,IAMSOUND,15,39,981,2380999
39,"Alleh, Yorghaki",capaz (merengueton),CONMUER LLC,34,43,108,2361675
40,yung kai,blue,BMG Rights Management (US) LLC,22,40,129,2353976
41,Sabrina Carpenter,Taste,Island Records,2,35,229,2328723
42,Cup of Joe,Multo,Viva Records,42,58,4,2307216
43,Bad Bunny,NUEVAYoL,Rimas Entertainment LLC.,5,47,94,2263088
44,Coldplay,Yellow,Parlophone UK,15,63,1559,2259646
45,Arctic Monkeys,I Wanna Be Yours,Domino Recording Co,11,38,1007,2240048
46,Neton Vega,Loco,Josa Records,14,56,103,2214512
47,KAROL G,Si Antes Te Hubiera Conocido,Bichota/Interscope Records,4,41,292,2212505
48,"Jombriel, DFZM, Jøtta",VITAMINA,WEA Latina,39,42,33,2212167
49,The Police,Every Breath You Take,Polydor Records,34,49,1273,2192072
50,The Neighbourhood,Sweater Weather,Columbia,14,53,1688,2175692
51,"Kendrick Lamar, Lefty Gunplay",tv off (feat. lefty gunplay),"pgLang, under exclusive license to Interscope Records",5,46,138,2166320
52,Bad Bunny,VOY A LLeVARTE PA PR,Rimas Entertainment LLC.,7,52,94,2151947
53,"Bad Bunny, Omar Courtz, Dei V",VeLDÁ,Rimas Entertainment LLC.,8,50,94,2137613
54,"Fuerza Regida, Grupo Frontera",ME JALO,Rancho Humilde/Streetmob Records/Grupo Frontera/Sony Music Latin,38,45,103,2108168
55,Neton Vega,M&M,Josa Records,54,54,47,2068662
56,Ed Sheeran,Azizam,Gingerbread Man Records / Atlantic Records UK,27,65,5,2056936
57,Ariana Grande,we can't be friends (wait for your love),Republic Records,1,51,397,2053959
58,"FloyyMenor, Cris Mj",Gata Only,FloyyMenor under exclusive license to UnitedMasters LLC,2,55,422,2026838
59,Sabrina Carpenter,Busy Woman,Island Records,11,64,54,1989630
60,j-hope,MONA LISA,BIGHIT MUSIC,12,59,19,1986732
61,d4vd,Feel It - From “Invincible”,Darkroom/Interscope Records,57,57,70,1978690
62,Teddy Swims,Bad Dreams,Warner Records,41,62,157,1976903
63,"Tyler, The Creator, Kali Uchis",See You Again (feat. Kali Uchis),Columbia,13,61,766,1963237
64,Tito Double P,TATTOO,Double P Records,21,48,40,1951781
65,Coldplay,Viva La Vida,Parlophone UK,27,79,955,1950344
66,Arctic Monkeys,505,Domino/Warner Records,40,67,1192,1927609
67,Sabrina Carpenter,Please Please Please,Island Records,1,69,306,1925753
68,Fuerza Regida,Por Esos Ojos,Rancho Humilde/Street Mob Records/Sony Music Latin,34,60,56,1900709
69,ATLXS,PASSO BEM SOLTO - Slowed,broke,69,76,13,1850906
70,Tate McRae,Revolving door,RCA Records Label,18,73,47,1849568
71,Hozier,Too Sweet,Columbia,2,71,383,1843595
72,Bruno Mars,Just the Way You Are,Atlantic Records,27,66,822,1837376
73,"Playboi Carti, The Weeknd",RATHER LIE (with The Weeknd),AWGE/Interscope Records,3,75,26,1830600
74,"Beéle, Ovy On The Drums",mi refe,5020 Records,52,74,97,1829613
75,"Jung Kook, Latto",Seven (feat. Latto) (Explicit Ver.),BIGHIT MUSIC,1,84,634,1792769
76,Gracie Abrams,"I Love You, I'm Sorry","Gracie Abrams, under exclusive license to Interscope Records",15,80,253,1780105
77,Imogen Heap,Headlock,Megaphonic,63,82,96,1774351
78,"Rauw Alejandro, Bad Bunny",Qué Pasaría...,Sony Music Latin/Duars Entertainment,13,77,145,1772122
79,"Selena Gomez, benny blanco, The Marías",Ojos Tristes (with The Marías),SMG Music LLC & Friends Keep Secrets under exclusive license to Interscope Records,54,68,18,1743500
80,Malcolm Todd,Chest Pain (I Love),Columbia,53,78,8,1740837
81,Bruno Mars,Locked out of Heaven,Atlantic Records,21,87,1024,1740620
82,Ravyn Lenae,Love Me Not,Atlantic Records,82,83,21,1739268
83,sombr,undressed,Warner Records,83,88,13,1719275
84,Shaboozey,A Bar Song (Tipsy),American Dogwood / EMPIRE,5,92,359,1686139
85,Playboi Carti,EVIL J0RDAN,AWGE/Interscope Records,1,85,26,1683142
86,Sleep Token,Caramel,Sleep Token/RCA Records,24,70,5,1665379
87,Arctic Monkeys,No. 1 Party Anthem,Domino Recording Co,70,91,149,1656248
88,"Sachet-Parampara, Parampara Tandon, Kausar Munir","Raanjhan (From ""Do Patti"")",T-Series,88,117,20,1654415
89,Empire Of The Sun,We Are The People,EMI Recorded Music Australia Pty Ltd,89,90,32,1652621
90,Tate McRae,greedy,RCA Records Label,1,72,527,1647446
91,Djo,End of Beginning,Djo,1,89,417,1645734
92,Ariana Grande,dandelion,Ariana Grande LP6,17,86,12,1643330
93,"Tyler, The Creator, Lola Young",Like Him (feat. Lola Young),Columbia,20,93,163,1625799
94,"Gabito Ballesteros, Tito Double P",7 Dias,Los CT Records,15,81,68,1623048
95,Coldplay,The Scientist,Parlophone Records Limited,79,108,377,1568735
96,"Chrystal, NOTION",The Days - NOTION Remix,Polydor Records,49,98,93,1567276
97,"The Weeknd, Daft Punk",Starboy,Universal Republic Records,1,100,1647,1565981
98,"The Chainsmokers, Coldplay",Something Just Like This,Disruptor Records/Columbia,2,103,1766,1563348
99,Radiohead,Creep,XL Recordings,93,96,495,1559007
100,Benson Boone,Sorry I'm Here For Someone Else,"Night Street Records, Inc./Warner Records Inc.",77,136,27,1557627
101,"Post Malone, Morgan Wallen",I Had Some Help (Feat. Morgan Wallen),Mercury Records / Republic Records,1,109,333,1546124
102,Cigarettes After Sex,Apocalypse,Partisan Records,52,99,972,1545712
103,Miley Cyrus,End of the World,Columbia,33,104,5,1542293
104,Don Toliver,No Pole,Cactus Jack / Atlantic,58,101,147,1532966
105,Linkin Park,Numb,Warner Records,12,107,390,1531822
106,Natasha Bedingfield,Unwritten,Sony Music CG,14,94,353,1528090
107,Earl Agustin,Tibok,Vicor Music,42,95,27,1517248
108,Doechii,DENIAL IS A RIVER,Top Dawg Entertainment/Capitol Records,16,105,96,1514247
109,Ed Sheeran,Shape of You,Atlantic Records UK,1,127,2474,1507084
110,Billie Eilish,CHIHIRO,Darkroom/Interscope Records,3,110,325,1503522
111,"Maanu, Annural Khalid",Jhol,Giraffe Music,111,121,11,1500097
112,"Oscar Maydon, Neton Vega",Amigos? No.,Rancho Humilde/Sony Music Latin,112,123,28,1491752
113,SZA,Snooze,Top Dawg Entertainment/RCA Records,25,112,782,1489233
114,"Macklemore, Ryan Lewis, Macklemore & Ryan Lewis, Ray Dalton",Can't Hold Us (feat. Ray Dalton),Macklemore,57,102,1079,1480867
115,Vance Joy,Riptide,Atlantic Records,28,119,1517,1477174
116,Bad Bunny,KLOuFRENS,Rimas Entertainment LLC.,18,137,94,1466563
117,"Pitbull, AFROJACK, Ne-Yo, Nayer",Give Me Everything (feat. Nayer),Mr.305/Polo Grounds Music/J Records,58,106,238,1461880
118,"Xavi, Manuel Turizo",En Privado,Interscope Records,90,118,20,1457223
119,OneRepublic,Counting Stars,Mosley / Interscope,78,128,1449,1452819
120,Alex Warren,Carry You Home,Atlantic Records,85,97,74,1449600
121,Keane,Somewhere Only We Know,Universal-Island Records Ltd.,63,133,848,1448859
122,"Clave Especial, Fuerza Regida",COMO CAPO,WEA Latina,99,115,8,1420741
123,The Weeknd,Die For You,Universal Republic Records,9,140,1159,1413165
124,One Direction,Night Changes,Syco Music,6,131,915,1409655
125,"JENNIE, Doechii",ExtraL (feat. Doechii),OA Entertainment/Columbia,18,122,47,1406276
126,Coldplay,A Sky Full of Stars,Parlophone UK,72,132,256,1405057
127,Tom Odell,Another Love,ITNO/Columbia,11,111,1453,1398776
128,"Gorillaz, De La Soul",Feel Good Inc.,Parlophone UK,94,144,130,1397619
129,Taylor Swift,Cruel Summer,Taylor Swift,2,113,792,1395124
130,Harry Styles,As It Was,Columbia,1,151,1095,1389939
131,Ed Sheeran,Perfect,Atlantic Records UK,3,143,2729,1388493
132,Jin,Running Wild,BIGHIT MUSIC,6,114,145,1387812
133,The Killers,Mr. Brightside,Island Records,59,163,1185,1384945
134,Bruno Mars,When I Was Your Man,Atlantic Records,28,141,865,1383882
135,Bruno Mars,That's What I Like,Atlantic Records,5,157,934,1383859
136,Hozier,Take Me to Church,Columbia,91,154,1250,1379080
137,Linkin Park,In the End,Warner Records,7,159,669,1377721
138,"Miguel Bueno, Juan Duque",Solcito,Wayti Records,138,161,13,1376731
139,Chase Atlantic,Swim,Warner Records,46,116,185,1375880
140,Chezile,Beanie,Chezile / 10K Projects,53,195,138,1373883
141,The Weeknd,Blinding Lights,Republic Records,1,126,1956,1369771
142,The Kid LAROI,NIGHTS LIKE THIS,Columbia,34,188,256,1368136
143,"Rauw Alejandro, Romeo Santos",Khé?,Sony Music Latin/Duars Entertainment,21,120,145,1366660
144,The Walters,I Love You So,Warner Records,18,124,1051,1366040
145,Sabrina Carpenter,Bed Chem,Island Records,9,156,227,1364833
146,Morgan Wallen,Just In Case,Mercury Records/Morgan Wallen,83,125,19,1364810
147,Journey,Don't Stop Believin' (2022 Remaster),Columbia/Legacy,61,183,455,1360587
148,"Oscar Maydon, Fuerza Regida",Tu Boda,Rancho Humilde/Sony Music Latin,4,139,189,1356145
149,"Danny Ocean, Kapo",Imagínate,Atlantic Records,37,145,103,1353874
150,Fleetwood Mac,Dreams - 2004 Remaster,Rhino/Warner Records,17,134,659,1353442
151,Sabrina Carpenter,Juno,Island Records,22,160,201,1347231
152,"Don Omar, Lucenzo",Danza Kuduro,UMLE - Machete,79,147,469,1344445
153,"Feid, ATL Jacob",LUNA,UMLE - Latino,7,158,491,1344084
154,"Calvin Harris, Ellie Goulding",Outside (feat. Ellie Goulding),Columbia,154,-1,4,1342379
155,"V, Park Hyo Shin",Winter Ahead (with PARK HYO SHIN),BIGHIT MUSIC,15,129,131,1334020
156,Frank Ocean,Pink + White,Boys Don't Cry,52,148,670,1321139
157,"Tito Double P, Peso Pluma",DOS DÍAS,2024 Double P Records,24,184,222,1320387
158,Rihanna,Breakin' Dishes,Def Jam Recordings,85,142,103,1320147
159,Ed Sheeran,Photograph,Atlantic Records UK,40,135,1261,1316048
160,"Kendrick Lamar, Jay Rock",Money Trees,Aftermath,31,165,455,1307824
161,"Los Dareyes De La Sierra, Tito Double P",Vita Fer,Double P Records,161,173,4,1307717
162,Evanescence,Bring Me To Life,The Bicycle Music Company,123,175,10,1297319
163,Coldplay,Sparks,Parlophone UK,82,186,234,1290513
164,Nirvana,Smells Like Teen Spirit,Geffen,92,167,683,1289415
165,Tyla,PUSH 2 START,FAX Records/Epic,52,-1,83,1286845
166,Tito Double P,ROSONES,Double P Records,16,162,124,1284616
167,Olivia Rodrigo,traitor,Olivia Rodrigo PS,7,138,579,1277816
168,Chappell Roan,The Giver,Chappell Roan PS/ Island,9,168,26,1276534
169,"Victor Valverde, JR Torres",El Mayor De Los Ranas,Vim Music,88,153,46,1275378
170,Tito Double P,NADIE,Double P Records,32,155,138,1269839
171,Teddy Swims,The Door,Warner Records,88,130,207,1268663
172,TOTO,Africa,Columbia,113,-1,585,1267262
173,"BigXthaPlug, Bailey Zimmerman",All The Way (feat. Bailey Zimmerman),BigXthaPlug under exclusive license to UnitedMasters LLC,69,149,5,1267201
174,"Chuyin, Fuerza Regida, Jorsshh, Calle 24",Pika Pika,Street Mob Records,71,166,64,1264085
175,"Kushagra, Bharath, Saaheal",Finding Her,EYP Creations,175,-1,1,1261870
176,"LISA, Doja Cat, RAYE",Born Again (feat. Doja Cat & RAYE),Lloud Co./RCA Records,6,-1,56,1258207
177,Kendrick Lamar,HUMBLE.,Aftermath,1,174,780,1256936
178,Lady Gaga,Poker Face,Interscope,93,164,75,1256762
179,Leon Thomas,MUTT,EZMNY Records/Motown Records,172,172,4,1252012
180,Faris Adam,Stecu Stecu,Netrilis Music,180,-1,1,1251923
181,Lana Del Rey,Young And Beautiful,Polydor Records,120,-1,72,1250881
182,"The Chainsmokers, Halsey",Closer,Disruptor Records/Columbia,2,176,1377,1248915
183,"Charli xcx, Billie Eilish",Guess featuring billie eilish,Atlantic Records,3,152,241,1248602
184,Eminem,Without Me,Aftermath,29,180,1281,1241571
185,Ariana Grande,warm,Ariana Grande LP6,20,181,12,1236619
186,Myles Smith,Stargazing,RCA Records Label,14,-1,277,1234773
187,FloyyMenor,PELIGROSA,FloyyMenor under exclusive license to UnitedMasters LLC,23,171,220,1230179
188,Esau Ortiz,Triple Lavada,Sony Music Latin,188,-1,1,1229053
189,Katy Perry,Last Friday Night (T.G.I.F.),Capitol Records,189,-1,2,1222038
190,SZA,Saturn,Top Dawg Entertainment/RCA Records,12,-1,340,1220518
191,TV Girl,Lovers Rock,TV Girl,92,182,585,1219318
192,Ruth B.,Dandelions,Columbia,32,193,1189,1218943
193,Arctic Monkeys,Do I Wanna Know?,Domino Recording Co,91,178,952,1217861
194,"Shakira, Wyclef Jean",Hips Don't Lie (feat. Wyclef Jean),Epic,63,179,182,1215527
195,"Selena Gomez, benny blanco",How Does It Feel To Be Forgotten,SMG Music LLC & Friends Keep Secrets under exclusive license to Interscope Records,103,177,12,1208636
196,Coldplay,Adventure of a Lifetime,Parlophone UK,187,-1,4,1207407
197,The Weeknd,Cry For Me,XO / Republic Records,5,189,66,1206298
198,Lana Del Rey,Summertime Sadness,Polydor Records,74,-1,835,1206102
199,"Adam Port, Stryv, Keinemusik, Orso, Malachiii",Move,Keinemusik,17,191,174,1204162
200,"BLOK3, Ati242",Keşke,Lais Records,58,170,11,1201237
